feature,quarter,revenue_increase_pct,new_customers,upsell_existing,churn_reduction_pct,confidence_level
Advanced Analytics Dashboard,Q2 2026,0,0,0,0,N/A - Still building
Advanced Analytics Dashboard,Q3 2026,4.2,15,28,1.8,High
Advanced Analytics Dashboard,Q4 2026,8.5,32,45,2.5,Medium
Advanced Analytics Dashboard,Q1 2027,12.1,48,62,3.2,Low
Team Collaboration Suite,Q2 2026,0,0,0,0,N/A - Still building
Team Collaboration Suite,Q3 2026,2.8,22,15,2.2,High
Team Collaboration Suite,Q4 2026,5.4,38,30,3.5,Medium
Team Collaboration Suite,Q1 2027,8.8,55,48,4.8,Low
API Marketplace,Q2 2026,0,0,0,0,N/A - Still building
API Marketplace,Q3 2026,1.5,8,12,0.5,High
API Marketplace,Q4 2026,4.8,25,35,1.2,Medium
API Marketplace,Q1 2027,11.2,65,80,2.8,Low
